{
  "glucose": 0.0638393685221672,
  "systolic_bp": 0.0493982769548893,
  "fh_diabetes": 0.04909999668598175,
  "diastolic_bp": 0.04701784998178482,
  "age": 0.04565909132361412,
  "fh_htn": 0.045116323977708817,
  "has_breathlessness": 0.0446314699947834,
  "heart_rate": 0.04396355152130127,
  "gender": 0.04362921044230461,
  "max_severity": 0.043392591178417206,
  "bmi": 0.042850639671087265,
  "spo2": 0.042793530970811844,
  "smoking": 0.04249007627367973,
  "temperature": 0.042011480778455734,
  "symptom_count": 0.04144901782274246,
  "sleep_hours": 0.04092305898666382,
  "activity_level": 0.03771961107850075,
  "fh_heart": 0.03712841123342514,
  "alcohol": 0.03606244549155235,
  "has_frequent_urination": 0.0347648449242115,
  "has_fever": 0.03275503218173981,
  "has_chest_pain": 0.0320308543741703,
  "has_fatigue": 0.03164888918399811,
  "has_headache": 0.029624400660395622
}