{
  "has_chest_pain": 0.0697324350476265,
  "smoking": 0.05585850030183792,
  "systolic_bp": 0.05260316655039787,
  "heart_rate": 0.051255982369184494,
  "activity_level": 0.04661428928375244,
  "age": 0.0455080009996891,
  "fh_htn": 0.04529225453734398,
  "gender": 0.04295084625482559,
  "glucose": 0.04279987886548042,
  "fh_diabetes": 0.04234064370393753,
  "max_severity": 0.04175232723355293,
  "has_breathlessness": 0.040396202355623245,
  "sleep_hours": 0.03976888582110405,
  "spo2": 0.039335351437330246,
  "diastolic_bp": 0.039266571402549744,
  "temperature": 0.03882458433508873,
  "bmi": 0.03844395652413368,
  "has_fatigue": 0.03763782978057861,
  "alcohol": 0.036970920860767365,
  "fh_heart": 0.0353538952767849,
  "symptom_count": 0.0338524766266346,
  "has_frequent_urination": 0.03372675180435181,
  "has_headache": 0.02679612673819065,
  "has_fever": 0.022918131202459335
}