{
  "systolic_bp": 0.07324428111314774,
  "has_fatigue": 0.060518234968185425,
  "has_chest_pain": 0.0534067265689373,
  "max_severity": 0.045466747134923935,
  "age": 0.04504554718732834,
  "diastolic_bp": 0.04305429011583328,
  "fh_diabetes": 0.04302489012479782,
  "has_headache": 0.042816247791051865,
  "bmi": 0.04214831441640854,
  "heart_rate": 0.04213988408446312,
  "glucose": 0.04208530858159065,
  "sleep_hours": 0.040658388286828995,
  "has_breathlessness": 0.04054191708564758,
  "spo2": 0.04024173319339752,
  "temperature": 0.039417799562215805,
  "smoking": 0.038016099482774734,
  "has_fever": 0.03700780123472214,
  "fh_htn": 0.03674933314323425,
  "activity_level": 0.03660498186945915,
  "alcohol": 0.03386525437235832,
  "symptom_count": 0.032427579164505005,
  "has_frequent_urination": 0.03153408318758011,
  "gender": 0.03070252202451229,
  "fh_heart": 0.029282040894031525
}